scenario,year,population_millions,electricity_supply_twh,electricity_demand_twh,electricity_coverage_ratio,food_adequacy_pct,effective_renewable_water_km3,freshwater_withdrawal_km3,renewable_water_per_capita_m3,withdrawal_share_pct
Baseline,2026,117.72447199999999,123.12,124.108316943144,0.9920366582394574,129.7954340474323,479.0,94.0405594121165,4068.8226658599924,19.632684637185072
Baseline,2027,118.656413,125.93044857339105,127.1903302077201,0.9900945171518033,130.5105786791934,479.0,94.78501170389731,4036.865668609079,19.78810265217063
Baseline,2028,119.583981,128.72684490391512,130.28997882995662,0.9880026542326669,131.15353813760186,479.0,95.52597075965572,4005.553218704101,19.942791390324786
Baseline,2029,120.502129,131.50925925278656,133.40125170255618,0.9858172811302537,131.73159864004714,479.0,96.25940493928081,3975.03350334997,20.095909173127517
Baseline,2030,121.408895,134.27776152991368,136.52125852186654,0.9835666839271517,132.25131094868087,479.0,96.98374695965434,3945.3451907292297,20.247128801597984
Baseline,2031,122.301597,137.03242129565513,139.64615705692154,0.9812831529606574,132.71856460569904,479.0,97.69685438788996,3916.5473857221996,20.396003003734858
Baseline,2032,123.18033,139.7733077625679,142.7751459608163,0.978975064756213,133.13865467547413,479.0,98.39880311180427,3888.6078645835746,20.54254762250611
Baseline,2033,124.049028,142.5004897971461,145.91195460371915,0.9766197031912962,133.51634174987782,479.0,99.09273568582498,3861.376487367559,20.687418723554273
Baseline,2034,124.904114,145.21403592155139,149.05162657524926,0.9742532789351316,133.85590589679515,479.0,99.77579473395109,3834.9417377877558,20.830019777442814
Baseline,2035,125.740972,147.9140143153347,152.18771110531532,0.9719182530643149,134.16119516319046,479.0,100.44429290711345,3809.4186197319996,20.96958098269592
Baseline,2036,126.55822599999999,150.60049281714905,155.3174295502129,0.9696303451150091,134.4356691823774,479.0,101.09713103019962,3784.8191709008315,21.105872866429984
Baseline,2037,127.352596,153.27353892645434,158.4355523667822,0.9674188440459521,134.6824383796642,479.0,101.73168897648799,3761.211118146347,21.238348429329434
Baseline,2038,128.118527,155.93321980521307,161.53377301031534,0.9653289024286913,134.9042992206645,479.0,102.34352930575345,3738.725469424106,21.36608127468757
Baseline,2039,128.850041,158.57960227957804,164.6028869546781,0.9634071747674844,135.1037659017194,479.0,102.92787667728207,3717.499787213882,21.488074462898137
Baseline,2040,129.546659,161.2127528415712,167.64042454462972,0.9616579848176933,135.28309884155533,479.0,103.48434845671422,3697.509481892543,21.604248112048897
Baseline,2041,130.209802,163.83273765075438,170.64639269090134,0.9600714967793734,135.4443302970551,479.0,104.01407976602286,3678.678506860797,21.714839199587235
Baseline,2042,130.836996,166.43962253589163,173.61574129034832,0.9586666583276247,135.58928739342772,479.0,104.51509432669911,3661.044006238113,21.8194351412733
Baseline,2043,131.42739300000002,169.03347299660322,176.54546019091163,0.9574501253887517,135.7196128297617,479.0,104.98671474012716,3644.5978959652643,21.91789451777185
Baseline,2044,131.97966399999999,171.6143542050112,179.43184861798508,0.9564319574635965,135.83678349460445,479.0,105.4278793756932,3629.3470181891057,22.009995694299207
Baseline,2045,132.492032,174.1823310073772,182.2705222262876,0.9556253467641412,135.9421272025242,479.0,105.83716873181677,3615.3117494643,22.0954423239701
Baseline,2046,132.962,176.73746792573132,185.0559994165969,0.9550485716913238,136.03683774131977,479.0,106.2125881571491,3602.5330545569414,22.173817986878724
Baseline,2047,133.38528599999998,179.27982915949372,187.78014567354242,0.9547326130589621,136.1219884003964,479.0,106.55071710820796,3591.1007455500007,22.244408582089342
Baseline,2048,133.75942999999998,181.80947858708728,190.43716864664322,0.9546953458672522,136.19854413361668,479.0,106.84959048995212,3581.05593003798,22.306803860115263
Baseline,2049,134.089,184.32647976754288,193.031260181304,0.9549048148699585,136.2673724944591,479.0,107.1128573081329,3572.2542490435458,22.36176561756428
Baseline,2050,134.37343900000002,186.8308959420962,195.5594653633863,0.9553661623840566,136.32925346740495,479.0,107.3400726204991,3564.6925729124187,22.409200964613593
Baseline,2051,134.61261100000002,189.32279003577676,198.01943504077659,0.9560818613425042,136.3848883069661,479.0,107.53112778765002,3558.3590307151826,22.44908722080376
Baseline,2052,134.805056,191.80222465898893,200.406864751376,0.9570641449679783,136.43490748452018,479.0,107.68485653366695,3553.279188578802,22.481180904732142
Baseline,2053,134.952918,194.269262109085,202.72279454190058,0.958300039953976,136.47987783300897,479.0,107.80297152674837,3549.386016240123,22.50583956717085
Baseline,2054,135.064723,196.7239643719306,204.97810438651408,0.9597316013859746,136.52030897046654,479.0,107.89228349873216,3546.4478759564777,22.524485072804207
Baseline,2055,135.13913,199.166393123462,207.16909322130167,0.9613711679990266,136.55665907516996,479.0,107.95172123317515,3544.4952176323764,22.536893785631555
Infrastructure lag,2026,117.72447199999999,122.13504,124.60475021091659,0.9801796463879896,129.0166614431477,477.563,94.41672164976495,4056.6161978624123,19.77052695660362
Infrastructure lag,2027,118.656413,123.92362094492547,128.20988789466517,0.9665683589610404,128.94915011587554,476.130311,95.54480835771575,4012.680806388442,20.066945151432662
Infrastructure lag,2028,119.583981,125.66205027229812,131.8597208334586,0.9529980002840424,128.80691070407966,474.701920067,96.67687376903018,3969.611281522732,20.36580634756756
Infrastructure lag,2029,120.502129,127.35119371994944,135.5485124348317,0.93952483455823,128.5983806526152,473.27781430679903,97.80882098823355,3927.5473241373106,20.666259442457125
Infrastructure lag,2030,121.408895,128.99190407956578,139.27361464215983,0.9261761778136428,128.33109728529044,471.8579808638786,98.93900149219753,3886.5190302891615,20.967961866631946
Infrastructure lag,2031,122.301597,130.58502137827966,143.03135918816213,0.9129817553260545,128.01179353444482,470.442406921287,100.0651515659826,3846.576156493582,21.27043610307971
Infrastructure lag,2032,123.18033,132.13137305779753,146.8211435954286,0.8999478537089365,127.64648349128133,469.0310797005231,101.18725289387139,3807.6783825836733,21.573677581980192
Infrastructure lag,2033,124.049028,133.6317741510962,150.6470312782721,0.8870521577305719,127.24053885933391,467.6239864614215,102.30845370315889,3769.670701985843,21.878358823579983
Infrastructure lag,2034,124.904114,135.08702745672073,154.5041449975019,0.8743262354476308,126.79875727836232,466.22111450203727,103.42573382808845,3732.6321733649,22.183837370505127
Infrastructure lag,2035,125.740972,136.49792371071538,158.3859717241593,0.8618056398860655,126.32542338310978,464.8224511585312,104.53516135235186,3696.6665977302227,22.489266835499595
Infrastructure lag,2036,126.55822599999999,137.86524175621958,162.28972913547253,0.8495007200433218,125.82436336944257,463.42798380505553,105.63544644524397,3661.7768631258755,22.79436075005784
Infrastructure lag,2037,127.352596,139.18974871075966,166.21001780231177,0.8374329691505737,125.29899375824677,462.0376998536404,106.72368406743057,3628.0194857876345,23.098479648140707
Infrastructure lag,2038,128.118527,140.4722001312673,170.13810985091501,0.8256363036732762,124.75236497404825,460.65158675407946,107.79500971874576,3595.5111063217223,23.400551049505562
Infrastructure lag,2039,128.850041,141.71334017685476,174.0641875363558,0.8141441509745128,124.18720028971893,459.26963199381726,108.84412515563197,3564.373192506918,23.69939520780186
Infrastructure lag,2040,129.546659,142.91390176937713,177.98542671893603,0.8029528282394617,123.6059306300036,457.8918230978358,109.87031301567639,3534.5706838941774,23.99481874831402
Infrastructure lag,2041,130.209802,144.0746067518107,181.90159914026898,0.7920469497396286,123.01072567420952,456.51814762854224,110.8744646997268,3506.0198281273956,24.28697857372861
Infrastructure lag,2042,130.836996,145.196166044477,185.8070621977744,0.7814351312972654,122.40352165157756,455.14859318565664,111.85415842962404,3478.745363319536,24.575305758222644
Infrastructure lag,2043,131.42739300000002,146.27927979914097,189.69827638243098,0.7711154923951049,121.78604618100945,453.78314740609966,112.80833167683642,3452.7288189160045,24.85952427313965
Infrastructure lag,2044,131.97966399999999,147.32463755101168,193.57090249522076,0.7610887568943845,121.15984046943312,452.4217979638814,113.73549298017242,3427.9659778788455,25.139260197461216
Infrastructure lag,2045,132.492032,148.33291836867366,197.41979384594904,0.7513578830115741,120.52627914966732,451.06453256998975,114.6337420723138,3404.4653535843554,25.41404473084493
Infrastructure lag,2046,132.962,149.3047910019761,201.23853092526923,0.7419294422171123,119.88658800878466,449.71133897227975,115.50052564574347,3382.254621412733,25.68325848970042
Infrastructure lag,2047,133.38528599999998,150.24091402790808,205.01769828859267,0.7328192408853494,119.24185983128062,448.36220495536287,116.33169574008707,3361.40678181972,25.945919271154576
Infrastructure lag,2048,133.75942999999998,151.14193599448546,208.7503010707936,0.7240321820816374,118.59306855750695,447.0171183404968,117.12463665879895,3341.9484393772973,26.20137615615519
Infrastructure lag,2049,134.089,152.00849556267693,212.4402253044666,0.7155353716313392,117.94108193651107,445.6760669854753,117.88287305471816,3323.7332442293946,26.450348534995484
Infrastructure lag,2050,134.37343900000002,152.8412216463952,216.08352776939276,0.7073247240275965,117.28667283337552,444.3390387845189,118.60546621847557,3306.747539478534,26.692560379776353
Infrastructure lag,2051,134.61261100000002,153.64073355057886,219.6768791684289,0.6993941926532043,116.63052933412798,443.0060216681654,119.2918390105909,3290.9696823885643,26.92781433565856
Infrastructure lag,2052,134.805056,154.40764110739048,223.21472446308016,0.691744872471124,115.9732637760796,441.6770036031608,119.94023063944843,3276.412745254605,27.155643074234554
Infrastructure lag,2053,134.952918,155.14254481055679,226.6974019743415,0.6843596065036354,115.3154208178534,440.35197259235133,120.55207518943591,3263.004454578383,27.376299572304863
Infrastructure lag,2054,135.064723,155.84603594787473,230.13630927088207,0.6771901245901882,114.65748465121584,439.0309166745743,121.13455726171462,3250.5224674734227,27.5913500988141
Infrastructure lag,2055,135.13913,156.51869673190853,233.52659628815837,0.6702392756102755,113.99988544596562,437.7138239245506,121.68609531008649,3238.9865461213976,27.800377474726893
Investment and efficiency,2026,117.72447199999999,124.59744,123.61188367537142,1.0079729900987258,130.31461578362203,479.958,93.47631605564378,4076.960311191712,19.475936656049857
Investment and efficiency,2027,118.656413,128.970913323747,126.17484261134165,1.0221602869045625,131.55675147788583,480.91791599999993,93.65100382387189,4053.029278746189,19.473386353082322
Investment and efficiency,2028,119.583981,133.41684375744256,128.7327446644223,1.0363862287348153,132.73368435891012,481.87975183199995,93.81679945721427,4029.6346366993753,19.468923336277072
Investment and efficiency,2029,120.502129,137.93623941589067,131.27960407890905,1.0507057846775687,133.8519842087699,482.84351133566406,93.96988820883128,4006.9292994455236,19.461768875983736
Investment and efficiency,2030,121.408895,142.53012147336173,133.81258955379468,1.0651473224502728,134.9175821876624,483.8091983583353,94.1089398425773,3984.95677238752,19.451664036547545
Investment and efficiency,2031,122.301597,147.1995243269827,136.32798615355188,1.0797454615165059,135.93583300195914,484.7768167550519,94.23210377555769,3963.781574782314,19.438244676451042
Investment and efficiency,2032,123.18033,151.94549576213498,138.8250957828285,1.0945102894064012,136.91157102073402,485.7463703885621,94.33970342864318,3943.376108738807,19.421597191385743
Investment and efficiency,2033,124.049028,156.76909711988307,141.3076202700091,1.1094171483486195,137.8491609298312,486.71786312933926,94.43498017141751,3923.59271956036,19.40240688193574
Investment and efficiency,2034,124.904114,161.67140346645985,143.77082524253237,1.1245077239678518,138.7525434551993,487.69129885559784,94.51541711189356,3904.52550550575,19.380172935970084
Investment and efficiency,2035,125.740972,166.65350376483266,146.20861715394744,1.139833663766604,139.62527663545595,488.6666814533091,94.57777871219771,3886.296357350483,19.35425153827157
Investment and efficiency,2036,126.55822599999999,171.71650104837593,148.61851488398236,1.1554179584046094,140.47057307692944,489.6440148162157,94.6213324760945,3868.9228688794656,19.32451528313073
Investment and efficiency,2037,127.352596,176.861512596676,150.99574297295692,1.1713013169407802,141.291333582248,490.6233028458482,94.64395221408118,3852.479794332957,19.290553804742114
Investment and efficiency,2038,128.118527,182.08967011349355,153.33268360370388,1.1875463588970605,142.0901775054831,491.6045494515399,94.64188609585712,3837.1074111048742,19.25162942479776
Investment and efficiency,2039,128.850041,187.40211990691057,155.62099434481667,1.2042213243521307,142.86947015248833,492.58775855044297,94.61116609891955,3822.953836316148,19.20696656720327
Investment and efficiency,2040,129.546659,192.8000230716879,157.85881136420687,1.221344702937524,143.63134751405974,493.57293406754377,94.55193816644449,3810.0012603763385,19.156629474643232
Investment and efficiency,2041,130.209802,198.2845556738602,160.04662741579625,1.238917425974388,144.37773859154512,494.56007993567886,94.46572923570929,3798.1785728825457,19.10096125186555
Investment and efficiency,2042,130.836996,203.85690893759627,162.18020766781797,1.256977727856544,145.1103855492572,495.54920009555025,94.35122683560093,3787.5311666094067,19.039729418876757
Investment and efficiency,2043,131.42739300000002,209.51828943435103,164.25728719663977,1.275549432297194,145.8308619052331,496.54029849574135,94.20832128199079,3778.0578855105286,18.972945714052408
Investment and efficiency,2044,131.97966399999999,215.2699192743379,166.2750019409271,1.2946619561659505,146.54058895129137,497.53337909273284,94.03656887014705,3769.773039373194,18.900554781193893
Investment and efficiency,2045,132.492032,221.11303630035007,168.22990758718814,1.3143503403861427,147.24085057474807,498.52844585091833,93.83522536746453,3762.7051100772483,18.82244155743228
Investment and efficiency,2046,132.962,227.04889428395774,170.11761137707222,1.3346583722051866,147.93280663737934,499.52550274262023,93.60306376686083,3756.9042489028466,18.738395387810595
Investment and efficiency,2047,133.38528599999998,233.07876312411187,171.93136729931967,1.3556500293418776,148.6175050520681,500.52455374810546,93.33764385638646,3752.472021150111,18.647965051352838
Investment and efficiency,2048,133.75942999999998,239.20392904818254,173.66667909376957,1.377373773117564,149.2958926839065,501.5256028556017,93.03785801032517,3749.459779064562,18.55096878017461
Investment and efficiency,2049,134.089,245.42569481546212,175.32819754980696,1.3998073227538996,149.96882519018223,502.52865406131286,92.7074915218315,3747.7246758594133,18.44820007229287
Investment and efficiency,2050,134.37343900000002,251.7453799231629,176.9140407081596,1.4229813468476837,150.63707590254012,503.5337113694355,92.34672426605265,3747.2711505838247,18.33973022678102
Investment and efficiency,2051,134.61261100000002,258.16432081493923,178.42290913102585,1.4469236157636844,151.30134384455505,504.5407787921743,91.95602613642941,3748.094439622557,18.225687595869644
Investment and efficiency,2052,134.805056,264.6838710919659,179.8517762065109,1.4716778264566506,151.96226096887685,505.5498603497587,91.53496346149676,3750.229222483752,18.10602091713948
Investment and efficiency,2053,134.952918,271.3054017266019,181.20244784157484,1.4972502025127385,152.6203986899153,506.5609600704582,91.08555212976175,3753.6125011424956,17.981163040494188
Investment and efficiency,2054,135.064723,278.03030127867333,182.48546847079353,1.523575020019589,153.27627378063866,507.5740819905991,90.61404806750515,3758.0063151693516,17.85237885120845
Investment and efficiency,2055,135.13913,284.8599761144053,183.69829180408522,1.5506947468962278,153.93035369538376,508.5892301545803,90.11998343854081,3763.4490480631357,17.719601221431645
